poids_kg,duree_min,vitesse_moyenne,distance_km,intensite,age,fc_max,fc_moyenne,calories_brulees
79.96714153011233,126.88758619974018,20.20086001543176,42.720639441949714,endurance,24,196,135.2737689611827,1546.2328549479187
73.61735698828815,115.61674570033678,29.875255476517342,57.56799691935165,cool,30,190,112.59558448839243,1012.082707924443
81.47688538100692,83.41450888467693,27.35161155264145,38.02535408113405,rythme,25,195,137.87632196370734,1059.216260708474
90.23029856408026,177.97728731894696,15.72081114524838,46.632455368079576,endurance,39,181,119.85787710757717,1970.5760112688488
72.65846625276664,120.86622290353307,30.483767133999706,61.407629889290064,endurance,57,163,114.1159109825029,1237.556632208402
72.6586304305082,65.58401876039918,34.402175732013276,37.60388231011513,rythme,23,197,149.7695128675595,916.6138048727884
90.79212815507391,45.26737089306056,21.420415746207336,16.1607650711187,competition,39,181,165.47117027168386,813.7592835992979
82.67434729152909,52.92887087764981,26.680800231380207,23.53641050598487,endurance,31,189,120.64915724490942,552.9322978580684
70.30525614065049,66.89365925767622,22.632709531838202,25.233079325012422,rapide,64,156,142.9491134763275,990.8572214047279
80.42560043585965,54.10220598893335,28.141534627355835,25.375318387565102,endurance,41,179,118.56088846026576,568.4542821010953
70.36582307187538,57.98505360769587,19.169955554623876,18.526181674866876,competition,42,178,171.97896543099617,1051.3914629070273
70.34270246429743,72.76427530407706,24.642771714506097,29.885223754830747,competition,52,168,161.32181126562034,1237.4371957598942
77.41962271566034,56.006039294213224,29.906570639993905,27.915809506977702,rapide,19,201,162.25211085231854,890.0365949843449
55.867197553422024,164.5148136939638,31.1785586964942,85.48891292000097,endurance,39,181,112.03135076549209,1358.7562381411074
57.75082167486967,42.03506184924633,27.132479094598445,19.008590614413812,competition,34,186,178.5908675763487,762.68663067644
69.37712470759027,108.6767084355382,23.304773483951305,42.21143455119396,rythme,51,169,133.65256654117243,1384.520917747196
64.87168879665576,91.55952404844923,17.03699457828196,25.998318580058438,cool,54,166,100.42921109261843,701.4059364464156
78.14247332595274,177.35679253629095,21.21225144380359,62.7022813091052,cool,25,195,98.88347093851013,1181.2159710281653
65.91975924478788,46.80583532520785,22.6536329762261,17.672036910048952,cool,40,180,102.89808481209475,346.7295494491087
60.87696298664709,89.67833985686124,21.51133108349193,32.15167432798088,endurance,33,187,132.64886244457242,1014.8764738316597
89.65648768921554,175.42056499130533,25.29776484156808,73.96247002541753,rapide,34,186,148.9201395363214,2663.9409674942617
72.74223699513465,159.82606888409703,23.290561319143574,62.040647629045445,competition,51,169,168.08780797850486,2891.5971803899292
75.67528204687923,152.560810642392,25.860606861677216,65.75525244202801,rythme,25,195,162.22967306660587,2455.4322204178425
60.75251813786543,68.68542405674097,31.013136505238318,35.50250720319813,rythme,48,172,151.57574252074627,1022.5893248983291
69.55617275474818,55.633138108509876,22.967688893853193,21.29607680441705,endurance,20,200,132.30933440829995,614.8209859404957
76.10922589709867,130.29648298866465,18.085665113728876,39.274975947161,cool,62,158,88.76775494247335,888.8621376187575
63.49006422577697,169.40639836913786,21.491462009375624,60.67985291159132,endurance,64,156,107.85055623511508,1557.8845893382954
78.75698018345672,113.51443395208946,27.917942349866358,52.81815704920243,rapide,50,170,151.28132272092003,1793.017300230683
68.99361310081196,115.74190342048497,28.389718924763365,54.76466843207793,rapide,59,161,145.91725323101463,1731.1084218479177
72.08306250206724,71.99686404904263,27.03042598508117,32.43509841392664,competition,49,171,166.47209021578598,1275.8407781753308
68.98293387770603,145.42393997879054,31.503686529440078,76.35650364946544,competition,48,172,162.8527205493637,2469.2278968733544
93.52278184508938,58.05656228362851,24.068184650615073,23.28860102037176,rapide,36,184,167.6423735129562,1061.8107108910071
74.86502775262066,78.55188546063656,35.26083074004662,46.16341229231725,rapide,32,188,149.73021099288837,1139.705581929783
64.422890710441,93.81546579246252,29.090935680529533,45.4863280201241,rapide,37,183,155.6035488810372,1420.3165909452607
83.22544912103189,106.14155680266825,15.0,26.535389200667062,endurance,63,157,114.32532458599093,1174.134313405321
62.791563500289776,66.36145986226204,34.00329314981783,37.6084695591061,rapide,52,168,132.2979294157893,814.3113626067596
77.08863595004756,47.22552371088053,21.165066949321393,16.65885618429252,rythme,30,190,136.06398125852695,588.3109074389579
55.403298761202244,121.5930063662449,19.829494052715347,40.18546327652054,cool,50,170,99.20985197415699,830.975771603393
61.71813951101569,73.29458298603836,27.61885554916447,33.73854166712736,rapide,43,177,153.93612096313993,1102.9935172845367
76.96861235869123,117.18573321339184,16.309097638317283,31.8532260799168,cool,22,198,100.23724846420319,780.9079184111538
82.3846657999541,53.15440729113035,21.522653843391932,19.06706513962778,endurance,47,173,108.84992187638429,500.98393829290745
76.7136828118997,102.17101527822263,32.78549270312104,55.8287845979106,cool,26,194,95.24641399229172,622.4261847916908
73.8435171761176,109.88841488273788,27.781087894987515,50.88032854163659,endurance,25,195,136.30972874532557,1329.5736304309573
71.98896304410711,37.77353052336404,29.0611989046961,18.295734731201527,rythme,24,196,144.49236269482878,498.49086765394395
60.214780096325725,80.49064172908808,21.71544699751263,29.131504404396505,endurance,29,191,141.26508894776404,997.4230050020462
67.80155791605291,50.162201540846134,17.308150005159483,14.470248480966784,endurance,28,192,125.57856234278421,518.6124793391451
70.39361229040213,39.50624557091516,28.53408714656867,18.78791089923726,competition,40,180,169.81340236162447,699.6743582234925
85.57122226218915,178.49403485849177,29.651280781209753,88.20961242266968,rapide,17,203,169.33425912288826,3079.1305913124083
78.43618289568461,78.35307674620844,29.42496693040555,38.425611535878524,rapide,50,170,142.42430140086435,1131.7881879476258
57.36959844637266,151.48116687819524,26.045346150589328,65.75632377729637,rythme,22,198,149.59712884182466,1995.8441965720897
78.24083969394795,68.19609821456457,20.164658782639645,22.919184180067923,rythme,36,184,161.11414970452054,1130.606160740023
71.14917719583684,132.2254083335894,37.18884794029865,81.95517673936256,rapide,33,187,155.781662084571,2022.1356538126906
68.23077999694041,144.034178983453,27.398937214920878,65.77305711283842,competition,18,202,190.04349802772586,2822.726414411516
81.11676288840867,119.34581109117664,24.13056679205416,47.998034431458606,rapide,57,163,139.0845898423179,1719.2893706549353
85.30999522495951,100.73642828252376,24.15275381258316,40.55103587111226,competition,54,166,163.1295670415944,1821.9466552862646
84.31280119116198,91.77613712209028,25.74798739036777,39.384180355937396,rythme,56,164,111.3479265992032,947.7924309376207
66.60782476777362,82.3302399814493,30.348041310789903,41.64269206807116,cool,64,156,89.34972334789525,539.6384384261747
71.90787624148786,169.4293716371739,25.94814061652726,73.27295266352073,rythme,26,194,137.5709757925947,2074.7855334725004
78.31263431403563,154.59291116815936,29.292565767237488,75.47371695903351,rythme,54,166,129.09216331829288,1951.1700991069533
84.75545127122359,174.7540365999769,25.756988439466035,75.01896167426048,endurance,39,181,113.18147252163787,1713.4990284151486
70.2082576215471,48.64458352283171,24.438230542648096,19.81312577970104,endurance,61,159,85.03238639892959,288.46254531746996
73.14341023336183,139.63012128054663,28.206251966641947,65.64070638286454,endurance,34,186,124.33707170499362,1493.2836927618073
63.93665025993972,170.75106852315568,28.01643016836898,79.73058979088964,endurance,19,201,134.27950494198603,1883.9321967516466
63.037933759193294,57.184959924849025,24.151829404524225,23.0186899434918,competition,41,179,166.94033874346545,970.769377768162
83.12525822394198,39.974440105016626,21.253965211428703,14.160255988972729,rapide,53,167,136.61982876780593,557.1194084200569
88.56240028570824,141.16809739350884,26.708644573702173,62.840142307149996,cool,57,163,78.96231229053564,803.8054782714426
74.27989878419666,116.17096697698679,25.39174334481297,49.163056293306525,rythme,47,173,136.43731449431124,1533.4385941339997
85.03532897892025,156.2743165137408,22.225641436146212,57.88828207522043,competition,54,166,162.0934345966847,2799.964810759672
78.61636025047635,50.96585649394343,20.787997587316017,17.657968363859837,cool,60,160,80.96759291859289,288.89365733425495
68.54880245394875,149.29009677898352,27.052379219472282,67.31087186294633,competition,61,159,148.47451262799967,2301.6819205440142
78.61395605508415,60.24409800716168,27.75047528513847,27.863372547053334,competition,51,169,160.22912415582545,1035.3634900506595
90.38036566465969,54.54839142985568,23.199839426725696,21.091898702647196,rythme,55,165,142.48463856854326,832.5379817520976
74.64173960890048,54.63986968964894,22.100314820435372,20.1259720314801,rapide,52,168,147.37902267974704,825.4969474313851
90.64643655814007,152.1862080347073,20.84872405481405,52.88147093773563,endurance,48,172,103.68662657092794,1382.9559482298548
50.0,129.77958310443003,26.911274695724593,58.20890018033224,rapide,51,169,146.21694361519477,1779.7566846282134
83.21902504375224,108.4598137153679,20.980114631796315,37.924988744861544,rythme,18,202,137.59541543955538,1345.031037717911
75.87047068238171,83.82457261852538,36.205672845103656,50.582084210116065,rythme,24,196,154.03630503717847,1242.3117090008132
72.00992649534132,161.58008112196623,22.948592820145016,61.800591491900065,rythme,23,197,164.2541418264132,2606.201418063685
75.91760776535503,88.86676611339531,15.0,22.21669152834883,cool,48,172,109.04620849172204,817.1828725734781
55.12431085399107,152.48991592073656,24.849141666854326,63.154058724684795,rapide,21,199,176.46219035956966,2603.2444612623467
72.80328112162488,95.87023628553277,24.634832600905987,39.362453705056716,rapide,56,164,134.61601868188134,1274.011836069906
78.57112571511746,86.54166441373614,30.558592837620942,44.0765247718232,competition,54,166,151.22150925255966,1382.1119550134836
89.77894044741517,99.40196785044097,26.440631183638523,43.80417951435672,competition,19,201,182.50676358848426,1941.6399844745908
69.81729781726352,75.20668112462131,20.830824082800987,26.110285739304935,competition,28,192,166.2361894492884,1245.8136050516837
66.91506397106812,142.14140702643766,23.568040632516116,55.833240939368245,rythme,64,156,122.41207495146179,1642.3852808426452
69.98242956415463,105.40805851387188,26.637098858254937,46.796081251512106,rapide,17,203,171.50621946972234,1774.800145111811
84.15402117702074,64.8319042720226,15.0,16.20797606800565,rythme,20,200,159.0921616645313,1023.2743642407281
78.28751109659684,164.93618599118528,31.693108671952256,87.12234110926607,cool,59,161,100.04565345614006,1398.8733046594043
69.70239796232961,87.58368320598171,20.844150570976677,30.426791338436736,competition,42,178,169.63349560443885,1554.3405314892864
80.13267433113356,111.53292916709829,32.08521910473809,59.64264116199303,rythme,47,173,131.01256792401875,1412.0006124682745
75.9707754934804,165.97081664468203,26.962325705632942,74.58265360006337,rythme,36,184,133.72825283062332,2048.313318639214
84.68644990532889,123.63569938709881,28.147970681969873,58.00156735988163,cool,23,197,104.94106849085179,962.8805698603276
67.97946906122648,47.53470610625461,30.747117180006363,24.35925297943624,endurance,53,167,114.632723769149,470.6811146989551
71.72337853402232,170.97481854202127,27.86566026346249,79.4054367849852,rapide,23,197,165.7324059509017,2793.516964548849
71.07891846867842,124.15620796071268,28.364431081587256,58.693670067547494,endurance,18,202,128.0780225657965,1289.8896291998326
60.364850518678814,80.23584219856292,24.177917797693095,32.332259951758815,competition,59,161,152.86152956889103,1251.1780725225535
77.96120277064576,50.89081089950809,26.860843407360477,22.782835040754676,rythme,18,202,160.45193498022203,793.7885543718853
77.6105527217989,149.1037783905444,22.062510925141286,54.82672899535384,cool,37,183,94.31214674585456,972.756445076791
75.05113456642461,123.01091338927702,23.28294450206016,47.73427115983777,cool,21,199,108.78804125035728,961.1944815208662
72.65412866624852,110.01916379644823,34.82347523984454,63.85416043956693,rapide,17,203,175.03957005345106,1925.0225987202737
60.84629257949586,164.08388745764364,20.959032074747892,57.31732433623461,endurance,38,182,128.85801932262567,1802.4312029283187
70.7935467723464,148.28958168367961,25.771585633181402,63.69429421449329,rapide,59,161,134.92366094676467,1984.7729317488556
71.57285483473231,52.75123195991268,25.56734518357738,22.478482606300776,rythme,17,203,144.96409263157503,681.0573575848175
66.9772273077838,76.75831016933223,23.446227641096005,29.994880226266968,rapide,53,167,137.90558611532583,1025.7601011632992
73.3871428833399,67.27337097216986,27.57200468285219,30.914361657931995,cool,32,188,113.29873987034456,601.7789384140378
79.04050856814538,141.59194388590154,27.948610463706913,65.95496807443516,cool,50,170,110.78309503812946,1373.7669947529619
93.8618590121053,35.02986521036691,20.370904084262104,11.893167071416903,competition,49,171,155.71042241579065,600.1614150654434
76.74577812831839,115.48345273069748,25.506783557732756,49.09352388835937,competition,38,182,166.91965318171856,2018.596928183034
77.57550390722764,144.36880286110357,19.588163306138217,47.13199477924952,rythme,45,175,129.77302811635622,1769.2567112472084
74.25554084233833,161.51484551426242,28.942743091586504,77.91137798660966,endurance,23,197,129.14291754627024,1767.2622487563322
55.812287847009586,81.31226230738612,25.882436551813125,35.07599116758845,rapide,37,183,162.7507715248282,1285.3895398819084
74.73486124550783,153.18859570080193,25.411649433585435,64.87958151953386,rythme,59,161,113.57637928075803,1585.92770472354
75.60230209941027,46.59476054328108,28.295156744362014,21.973434217302547,competition,51,169,155.16003718418722,758.5012856171231
99.63242112485287,156.96784376017771,23.622448547657996,61.799413547693625,rapide,20,200,171.3808715313363,2883.8045656468266
73.07639035218878,49.123299349797364,29.570109796091025,24.20968925532925,competition,28,192,180.91161185160672,930.0484951497075
78.01547342333612,89.59309358405508,20.25777563621932,30.249279806343143,rapide,44,176,157.7551447803894,1473.5557891489802
74.65288230294756,149.59430486693304,32.05938259447264,79.9316842280531,endurance,46,174,117.34003028775633,1539.2809946869297
63.31321962380468,52.487614102316066,22.24544408722573,19.46017141308255,rythme,62,158,122.88749684630243,596.1921790650862
86.4282281451502,64.38770928489622,16.51910466152206,17.72712180988094,rapide,31,189,159.66265127673861,1062.9034784304463
82.51933032686775,138.33788525895994,23.35732545768634,53.85338348535995,cool,57,163,108.84797910733089,1371.377872015794
82.91031947043047,138.00548048191115,22.790159013728953,52.419447415813714,cool,45,175,88.91970516105461,876.110954351092
65.9061254520526,126.1721449327946,23.31963006924982,49.03812908127572,rapide,31,189,166.42215292898263,2088.4045401358962
89.02794310936099,134.09226667006502,26.158240077419915,58.46029506801622,rapide,27,193,151.7974916247445,2045.2529554190144
60.98148937207719,111.40866650213943,30.48921180444136,56.61270716390167,rapide,32,188,149.70940382924914,1542.5808777096427
80.8685709380027,67.76985883604291,24.041470430514316,27.15478428811425,cool,31,189,98.21058409166646,472.85883526869173
96.90455625809979,81.85439902558791,21.541912150905496,29.38833788290632,cool,27,193,121.87297019836397,909.7749179429409
65.09463674869312,57.239657520213854,19.367265938581014,18.47626115712134,rapide,23,197,170.0493601399721,954.4569942557885
69.33702270397228,166.26758420004424,22.659086043454778,62.79119161043608,competition,35,185,172.4728467195787,2962.9296434973285
75.99651365087641,117.50876921491808,15.560875803748237,30.475656060077572,competition,18,202,194.16908413528472,2419.3517096876617
69.965243458838,90.12771251454598,21.374334532418196,32.10699796545866,endurance,31,189,123.1821474794616,921.5366295770971
59.493365689338674,99.3008705466199,31.220269479310932,51.66999896659405,rythme,45,175,126.9452330200327,1089.28661000594
75.68562974806028,172.0925009417723,20.883203977107886,59.897380001627695,competition,60,160,145.2961814922165,2620.8225311740975
64.37696286273895,53.00271046741203,28.143579304001527,24.861433089444038,cool,38,182,113.19073660906186,465.9003609593737
79.73592430635182,117.93447480251959,18.86758955095755,37.085654408028084,competition,43,177,169.2641342634503,2148.3141255744704
65.80575765766197,105.8833018326699,33.85547949655277,59.745499237054396,endurance,55,165,125.18334158111298,1216.1637315932837
90.4993440501754,121.71813531519717,34.18803366532355,69.3550617972728,endurance,20,200,139.4032162054088,1596.470036136938
67.16746707663764,32.71652757312608,27.95510778279938,15.243234243094458,rythme,35,185,143.84970745403965,438.4380088335361
71.77938483794324,160.81858634162273,34.956263008217604,93.69361334612526,competition,55,165,154.595738573346,2606.0295675704315
83.1351721736967,169.81774237254186,26.778964874638312,75.79238930141128,cool,59,161,79.73246821095184,959.2383450632186
62.69135683566045,114.76997753838134,28.84258557074778,55.171048301726074,cool,16,204,109.97914395821785,822.3494826783311
77.2745993460413,134.49762358153384,31.309669383657674,70.1846021204244,rapide,45,175,138.91243980069896,1831.7151833609337
88.07142754282428,168.37490717659435,25.898592265492248,72.67788447844535,cool,36,184,107.18175150272296,1500.8009951804286
58.92516765438772,136.0857951470098,17.238112692074694,39.09770454224577,rythme,35,185,153.85203560369845,1975.6565143757546
76.84633858532304,52.8808564371392,28.94481677617199,25.510445009000822,rythme,21,199,146.65392295213456,719.6524926588477
77.59882794248423,116.44325402502197,22.64070202783268,43.939283625529185,cool,37,183,109.29209239737946,1022.636386200425
82.8182287177731,121.00725695742838,23.012350895222703,46.411024299545346,cool,33,187,96.40570819347239,834.2624709120917
62.63049289121918,93.6196006953579,26.48947458239345,41.33223388389179,rapide,23,197,164.47070164365758,1471.369582501649
61.795433869157236,140.46663534370842,27.83140439858685,65.15639554599302,cool,54,166,84.53579892810684,718.9000412226959
80.21941565616898,170.1550522153522,25.75067317003109,73.02678563045183,rapide,47,173,128.59839924664007,2092.913239084578
77.96984673233186,168.83527693601644,28.178647680786543,79.29249641446722,rapide,48,172,145.88581319069993,2506.8836675431558
77.50492850345877,97.62590571061982,21.46571432969902,34.92683005270495,cool,31,189,105.16386892029877,767.9328569885068
78.46448209496975,46.98570687611329,24.786481026383584,19.41017219993338,endurance,27,193,135.7355586380498,579.2729335003706
68.1997527842151,177.72617984435018,29.245427252254355,86.62796772431696,endurance,53,167,115.19190940978855,1776.6622911741938
77.32253697161003,155.83471296689012,33.86395588218358,87.95299741372514,rapide,49,171,152.2665472867834,2466.5046481665313
77.93072473298682,48.699402180490026,35.632177944866044,28.9210960717303,cool,29,191,95.74795406922428,310.2190596650478
67.85648581973632,168.12628239260584,27.16488341363866,76.11884766606046,endurance,51,169,113.73275223629736,1624.7517697193448
93.65774511144757,160.48445430931923,29.200049133728037,78.10256585052755,cool,48,172,108.2103081031417,1590.796135574069
79.73832920911788,107.82570856891081,34.90789582407596,62.73281003134522,cool,38,182,103.55679744145264,869.8644043472674
63.08696502797351,118.69131536173938,21.645819816332526,42.81951376806186,cool,60,160,102.62874890451998,972.8848641390405
81.5655360863383,89.85040558051953,28.14849926356292,42.152567921901394,competition,17,203,205.14550361671994,2018.0591532812384
65.25318329772679,38.2142458233047,28.841714747430732,18.369406288732506,cool,56,164,87.9985601836085,225.49441405485942
82.87084603742451,80.27958624688515,32.239307180383726,43.13597068879064,competition,36,184,170.95289260715523,1467.6966488778032
86.58595579007404,150.42801728970173,19.314293097318888,48.42351359969754,rapide,17,203,164.82115902099767,2499.8575615390164
66.7931768164829,30.69480345069043,20.302971080997416,10.386595113271124,endurance,42,178,102.20639120108135,228.41361742054653
84.63376129244322,80.02487575367162,25.10691105552353,33.48629062961258,endurance,24,196,122.31965158572788,836.5996352352205
79.12780926936499,89.7253040386415,26.888638311608176,40.20985412823513,endurance,16,204,144.9181875875137,1185.682000478952
83.2206015999449,110.60934044068843,30.614319768669038,56.43716196088019,endurance,26,194,104.72083552006296,866.0502702368475
93.96792982653947,167.97834246191408,27.587718879061356,77.23565482683301,endurance,18,202,120.82172065279117,1744.057944929927
72.5461188399713,81.95189915489419,24.24293384944858,33.11257450081302,endurance,38,182,117.14310388096683,801.0181674485469
67.4626383564251,82.04298028443415,27.082307223780706,37.031886626960485,endurance,41,179,108.49919245443579,687.0219759382828
66.10485570374476,140.62518721646225,26.505222381372256,62.12169765990732,rapide,19,201,165.55077626038576,2229.132055083622
66.84189715034562,97.83269113347107,33.72508214993894,54.99025909043191,cool,33,187,98.05971754415148,624.624436560936
74.22898290585896,63.690723440997296,25.828294717842663,27.41704626377814,rythme,21,199,146.6874748103856,859.164868139834
78.41151974816644,97.86592741990401,23.084582932237183,37.65323529608465,competition,50,170,157.77978104984032,1640.1331593803318
77.7669079933002,51.12855305696998,27.248045150359147,23.219218702814185,rythme,37,183,129.82739909322174,607.7523940011481
83.27183249036024,56.458047975933496,25.99242659669266,24.4580277967834,rythme,58,162,129.06790894196197,736.5600607307118
75.13001891877907,104.75516591092196,17.14503322162664,29.933846661329458,cool,30,190,114.47171468967329,954.1671496616412
89.53534077157317,92.83881742568218,24.921739691889154,38.56174735309457,cool,37,183,88.01802839098622,570.173233050235
72.35343166762044,167.226885160215,24.496308772969975,68.27402356711029,cool,52,168,69.21938184610778,537.4070257008609
100.0,84.35908486749497,22.28064067110342,31.326240954596223,endurance,57,163,114.61650502400309,979.7177210868766
81.25667347765007,117.08825254170652,30.17791643811486,58.89132501814182,rapide,27,193,152.19207596097186,1749.630039977594
66.42842443583717,124.83964318792955,21.07160201694002,43.84285461988081,endurance,62,158,104.38068422383195,1088.117262287272
64.29107501938887,31.964168488250046,27.278093097622694,14.532026063509708,rapide,64,156,120.3877593903799,355.5907027483234
79.82472415243186,129.53060580250659,24.260715000781346,52.37508518755278,rapide,57,163,149.1267031298663,2054.199134371354
72.7653721467415,56.70539503046271,25.53847502823391,24.13615524919352,rythme,53,167,146.48962692576774,846.7761020124835
82.14000494092092,174.16054762041827,27.058931455229335,78.54330533776837,rythme,33,187,141.9592446010699,2391.4074871505504
79.73237624573545,52.299409162966946,18.462128080544993,16.0926398417254,rapide,60,160,135.24717881232385,727.2835526095349
74.27171087343127,92.19361855905356,25.958304458673915,39.88650032837937,rapide,50,170,141.76181361088445,1304.2586338988165
66.53206281931595,42.80245021179658,36.44473744856603,25.9987343354041,endurance,45,175,120.59074397398798,442.82607288955006
59.851527753141355,179.5311377768921,17.21618327060638,51.51401617912431,endurance,39,181,122.78756509595802,1807.9505816827357
70.53485047932979,105.32925154968639,24.711960181422477,43.381537837248025,rythme,57,163,130.42851239645586,1326.9289677592521
83.56398794323472,119.30775259800657,30.616196624119098,60.87916020537209,cool,45,175,90.75573042726678,794.146822881466
77.14093744130204,40.06147160826412,26.508096239767983,17.69922241497663,rapide,29,191,165.59812409616436,675.6435633596461
62.54261221288012,142.49407055987666,28.439834760580165,67.54179701808904,endurance,21,199,123.95244273627335,1354.5746348095481
76.73180925851182,61.485838964337866,15.0,15.371459741084468,rythme,18,202,140.81707195449246,773.4147672806838
78.85317379728836,164.70814341610705,27.991246873149752,76.83977173964013,endurance,31,189,122.46240427151727,1735.7869182230704
66.16142563798867,60.77094607230107,21.19155896883201,21.463851454714636,rapide,22,198,159.16712396926687,913.7709132462317
76.53725105945527,58.60315809954999,26.549386422915735,25.93129816646961,rapide,29,191,173.55909282844172,1057.0199686997569
75.58208718446,35.48245017721423,24.852826345452545,14.697319542757954,competition,24,196,181.13190817726695,670.3481176436339
63.57029702169377,100.8100417664999,36.39166514580817,61.14408805502333,cool,30,190,107.95368643652992,763.7819764050555
78.57787360348283,114.72616998939246,27.733476618829375,53.02925921614434,competition,36,184,171.46910891084633,2082.988580753868
80.60784526368235,39.856295914252854,24.43688085368607,16.2327259087642,rythme,50,170,129.85503337871884,504.2857868032003
85.83051243175277,146.3291425042516,17.45153620373223,42.56113880123398,endurance,17,203,126.63143477942813,1583.8408305998787
85.53802052034904,97.99332521220414,25.605734509249483,41.81985115103738,rythme,42,178,122.31081965376792,1113.5581729326277
61.22330632042909,108.65854039913701,29.116144391734114,52.728629194272465,rapide,17,203,177.4602933206612,1881.8623604500813
65.62174960084877,96.11441204073422,24.597240540903883,39.4024885402248,competition,50,170,160.29938032824256,1588.8875347493997
80.1503526720866,90.1144591312989,22.471718200312797,33.75044552286922,competition,33,187,179.25437551745298,1735.6224804573453
80.1378595091221,113.94604969623268,22.13706668076841,42.04052166892756,competition,29,191,178.9927299788376,2168.0883025492585
80.15047686306048,53.286036889606876,27.675707177276603,24.578812559905316,rythme,35,185,126.46658724764181,607.2912412303262
100.0,57.28921957429067,28.796939696545785,27.49590335571698,rapide,33,187,169.07771988247598,1069.521999379707
80.70890510693167,159.26784315202758,31.806050576605593,84.42801790867126,endurance,25,195,133.93338811555063,1921.914636634519
86.35565640180599,171.9173193200449,20.02500053394821,57.377406852980734,endurance,40,180,111.89735122002081,1673.7549457215432
84.54001763493203,85.99639744196294,27.629887792088084,39.60118019742078,rythme,17,203,152.9582590170128,1266.924272202998
81.51391251305797,70.61170097153307,24.391480227910666,28.705398468438155,competition,40,180,176.62690520907987,1360.4225202073446
71.84730755359655,126.59993148585237,24.538828976833596,51.7769011201697,cool,48,172,90.6694703115834,788.868668881039
82.58969220493267,91.31012566471446,27.00912927017001,41.103449795895685,rythme,51,169,124.19907593113983,1090.4364284790224
67.27174785462428,33.80795334905173,27.038281268124734,15.235149195855005,rythme,46,174,132.61960275006416,413.91011712451814
72.63181393259991,53.42288960492856,27.643840528957867,24.613564013912764,rapide,29,191,157.9656803430537,828.0567339883972
70.14636452170896,137.39583432710964,19.71264403902095,45.140586242243465,endurance,16,204,141.34233836926762,1682.9110870919937
75.81874139386322,128.8385912865227,21.250942964167706,45.632359250226806,rythme,61,159,117.90723879655587,1437.0319824572507
98.14658566673509,34.06439887552252,32.42934137758842,18.41143366594432,rythme,31,189,134.34086098130695,451.2310833330777
56.327348074082515,63.295824289942416,23.8971376625958,25.20981710873715,competition,61,159,153.95320721849893,991.3989140007419
81.86260190374513,64.6612194882107,26.530071990089482,28.59111346648678,competition,18,202,184.97868826444602,1259.704404338417
58.87284128810348,130.78391153980925,30.27333156021593,65.9877452797766,cool,50,170,110.62646776955583,1140.4913281704667
70.28068134210567,32.956580663154625,27.317215361804095,15.00470019273439,rapide,56,164,152.37647018135766,522.2673958901918
85.88950596967366,45.61628729768608,27.732613154860196,21.084314153128183,cool,21,199,114.55927999536411,419.6293241863782
75.64280019095463,149.9874128059784,29.472888396218785,73.67603797446996,competition,40,180,173.31838751782746,2773.0270593375326
64.22255222070694,56.78169930815004,15.0,14.19542482703751,endurance,28,192,128.47143761106528,602.1625027682388
67.84696290740031,127.91191617778121,22.550249224197326,48.07409314256007,competition,49,171,159.94094374823598,2114.983107131359
81.79597748934675,65.72741715700897,27.34302898249796,29.9531112044805,rapide,23,197,170.3785000099563,1151.4085577131739
67.69633368282864,44.91620891390178,31.938221535288285,23.909063846958087,competition,36,184,169.70430799027267,780.3308760470608
77.16458589581976,66.47582864991811,25.330477798278864,28.064408362315678,rapide,49,171,149.65764747766355,1025.509285926115
75.45571839903813,138.34003977834888,20.77641769121952,47.90350749758167,rapide,19,201,179.57186177746453,2546.8548264231895
68.48399652394183,158.35447021594285,20.90956975194749,55.18539734188247,rapide,40,180,149.59722509115,2307.4414154004658
96.43944089325326,154.53297968504873,29.41930601726537,75.77088365190501,rapide,30,190,155.84653295553017,2528.1447182143856
81.33919022318011,89.57752944276822,23.911132088040567,35.6983356437729,rapide,19,201,158.6646059022885,1391.7729876682645
54.74857413342393,130.21277048559693,24.963999771048318,54.17719287650016,endurance,60,160,115.66364186852553,1271.6692508177168
76.86454314769428,60.74764431237315,28.075150968861596,28.424988084543045,cool,27,193,101.17384207342266,427.73438706439293
68.38213535231613,73.97215953915199,15.0,18.493039884787997,rythme,47,173,128.0309073384562,861.9253700056404
83.52433334796224,164.45037277816797,35.001837557540405,95.93442057097334,cool,47,173,97.74634581021303,1283.5228588201624
67.07479261567299,31.950288526610404,21.344630824744694,11.366118555742919,rapide,43,177,152.94753763957593,484.18180669120653
73.85263558533102,42.82627962817021,26.209681847367857,18.707719396012546,endurance,28,192,131.96697691853828,496.3362086449364
80.04987278980457,61.1829382719041,16.476514932518644,16.80135993420657,competition,46,174,163.3198978184439,1069.4400077898488
83.65755194170121,33.97983058107296,22.887294447974813,12.961773130021932,endurance,29,191,113.27572118760277,315.50868659878773
62.99703592944224,57.2153152634696,31.223440231825485,29.77431627456659,rapide,35,185,145.09859589200607,766.1862983804967
71.65498764159052,117.45623414545382,15.419164101670606,30.184615817549982,endurance,33,187,116.1339635729194,1096.888768538616
70.25054688839043,93.21368258887469,30.631000435945705,47.58713920026542,endurance,44,176,106.02371582286331,771.5987820576196
68.46670767426288,163.90075666154624,23.63151951883808,64.55373216999433,rapide,21,199,166.1290137821878,2646.573220140723
92.65454240281097,152.61653426076614,27.435822201100958,69.78600164877687,endurance,47,173,123.76055671307384,1856.0292847825422
79.04981710960955,81.2726027546814,28.287622067425552,38.31681118600727,rythme,44,176,128.67995178822355,984.3849769318236
62.39116045664955,68.91351501469387,27.20710749745463,31.248956850537166,rythme,58,162,118.44102802319009,720.2567056476654
84.17861947054776,86.95386122509004,20.675246741845868,29.963208933082676,endurance,17,203,131.78355242100375,1001.9011924579207
96.22156197012633,118.54424137722116,23.177254267324884,45.7921670721165,competition,38,182,170.6852875479821,2249.107661263769
85.32465260551147,70.20954612343144,17.692219113745924,20.702711231539997,rapide,34,186,157.47326150782078,1142.3033016929835
59.80630034045986,123.6223361773701,27.4589816579404,56.57572436010245,rythme,46,174,135.2055622355877,1517.8595589266492
70.15765927133748,91.41174782868606,33.51027577007963,51.05388130607079,competition,20,200,195.30850632857988,1881.2070005738087
87.66911149186623,112.80707712779703,15.877795566617687,29.852128485047253,endurance,34,186,130.22988275757294,1384.516857506109
67.92330534381219,95.4189793702975,21.191770469309823,33.7016184871859,competition,49,171,173.00165189235014,1765.9876343098213
79.43819428146229,74.16986393128765,24.091123620585336,29.780589348177404,cool,25,195,112.80125460018127,654.2020347498867
82.74634053429337,172.2679960443235,25.86670711856777,74.26676332635178,rythme,40,180,155.11031011214376,2770.1289598727894
65.73069528421917,144.54086912396411,29.39588150717213,70.81510436186207,endurance,17,203,124.06870964819463,1370.58913955976
74.404746439382,51.01697636496788,24.239000098211665,20.61000825201531,rapide,26,194,185.18546355351847,997.0803774592646
50.0,160.27019638468693,23.420206367771748,62.55935123221121,endurance,46,174,109.79072832828957,1278.954271116524
64.7561235866571,103.11467973742705,30.515653530348704,52.44353067933653,rapide,30,190,158.82082015775117,1577.9619922993413
72.4743184860684,164.1828340341137,28.309977835316527,77.46687320742019,endurance,24,196,126.22524903525586,1718.2417989967798
62.52216818035151,149.97828839209728,27.694889878505492,69.22720301976454,competition,38,182,171.70633091707333,2628.442314151449
91.32411303931636,93.78202567038501,25.562578557940572,39.955173308700275,competition,34,186,177.1789894137339,1831.2231156639564
60.69858622039367,33.37039624801761,29.915761054599294,16.63834667421653,competition,24,196,182.78943534536796,615.1879900149205
70.59955513303017,70.3016039077419,21.71845304384867,25.447368056292348,cool,50,170,100.55467847110667,545.4631247734659
76.30740577286092,111.24513219913004,21.036528589069608,39.00352339836378,rapide,36,184,151.31391768148515,1669.691667622436
89.41273289066116,125.02173297392208,28.73050493434662,59.865625268463894,competition,24,196,190.054989141727,2612.3340094111
60.6413784882056,68.68315281498035,16.87482015376546,19.31693085577305,cool,43,177,110.87035403278531,584.0663700730621
86.63163752154959,50.90341111092362,25.460897548182434,21.600775585803962,rapide,61,159,132.31103616002846,704.4745249322442
75.10233061019586,155.23953551989487,23.41720823868744,60.58794216910823,endurance,22,198,136.56439583799386,1871.0861175344633
65.1849134895205,177.66032710553282,17.97122634673522,53.21289918747581,cool,31,189,109.2340552801351,1402.5283391357002
79.6210347426327,108.85352734540288,20.343662101418676,36.907989647706906,rythme,31,189,163.03978103697662,1817.1634142739215
76.9905969557347,55.751892877245524,24.455119538523252,22.72365341353304,cool,48,172,90.25845714233344,357.57019206184907
68.99783122841205,70.84609897790534,30.169816282495113,35.62356317491448,cool,19,201,118.54046974889815,630.5599335311113
75.69802084990019,32.75860148212001,21.735210043710946,11.866918065868317,rapide,19,201,154.50858852764563,479.6632423165416
71.1468640313824,167.14482098407484,31.066906999524967,86.5445434827417,endurance,54,166,103.78437519088445,1414.8369213545636
76.13517345251248,47.66266243352117,25.31589613778258,20.110383530286892,rythme,55,165,126.6654909101745,581.4928055399395
81.62130674521046,116.47747132713803,31.551923510849853,61.251471100851106,competition,32,188,186.45742222566636,2372.4156822131895
90.86016816145352,71.10828310308091,21.97754195609976,26.046421255403008,competition,52,168,153.42129584047962,1193.884908320256
62.62184501173151,113.126700377369,24.755952059473156,46.67598618647551,cool,54,166,97.82455231815122,810.1005405759189
96.33033374656267,127.71305825277963,26.842418016684977,57.13545493017249,rapide,44,176,149.04363358294995,2043.8972811480946
55.47912200477498,154.46127055608025,24.10244768629244,62.04824488560312,rapide,51,169,130.79309132883498,1799.2083963865605
73.48214904964416,60.963190764090484,29.76512073572618,30.242945558804337,competition,53,167,159.55975009820344,1032.5814927943186
80.88317206484577,31.64937429877207,15.0,7.912343574693017,rythme,54,166,138.68603823371916,449.10867677766504
77.80991867735032,50.53284451032109,37.1120276939497,31.25627208201817,endurance,52,168,99.78844965674242,408.42525085375956
68.77300480179406,165.00279627721577,29.28887303497581,80.54576584298921,rythme,50,170,126.56552941935344,1913.0846119024402
72.91877749642725,161.0835116343773,24.132340854824918,64.78870348088246,endurance,22,198,118.9322740520683,1496.5337625083648
70.06999065341166,119.61196532554625,22.238391632113277,44.33296214660419,competition,42,178,166.59776714360052,2070.0801850615667
69.10635243055788,120.07752906504801,20.667896942757228,41.3624999309558,endurance,43,177,127.72470577019301,1374.5794705458395
83.49602097021025,129.7555011819383,28.228077370848684,61.045805444283374,rapide,37,183,153.06555104925386,2032.362682814225
78.57015485965047,56.30569179351744,29.97490834396177,28.129299179234092,cool,29,191,118.43495279327138,553.001002685561
68.07090404739346,167.16179188874398,24.1873693593505,67.38673338639886,cool,22,198,119.87963507452271,1538.3782044292757
83.9959987543325,92.81557873381097,30.534952064892515,47.23532079186958,competition,52,168,157.77180091603836,1588.9595333785792
78.07299520876609,87.47077923742462,20.463699766194388,29.832929410495453,rapide,37,183,150.95121493545298,1319.630355930063
83.1286211883896,107.83765579242564,19.58094575006582,35.19272146476262,rythme,20,200,141.040011931855,1403.2610383215806
81.29628841923612,37.04489501625826,34.06670602622774,21.03329247152232,rapide,17,203,163.10155587893695,596.7067888240142
66.71004989077927,54.942505313411914,27.955543067692712,25.599126225600372,cool,42,178,101.04354581111981,399.0006541694671
69.3981895980303,140.70504246395558,31.98424100906664,75.00573315596851,cool,36,184,101.01797510002231,998.5518253742256
82.47293605123262,42.41980018876897,20.730301458061536,14.656254095065274,rapide,53,167,136.74289461834113,590.6725195710438
81.10370265433465,120.47281641995824,20.38237304115635,40.92536475983891,rapide,30,190,146.78675223982884,1718.5596435465527
74.79098406035853,66.80236645219814,23.20695340271229,25.83799009078455,cool,36,184,102.17684466396436,502.8717204979588
76.17327383308782,88.39434210629648,20.87970579230494,30.760797614730386,rythme,25,195,141.67186625415198,1150.766459422824
87.77664895788425,73.30406051560499,28.526826051142255,34.852203052851145,competition,38,182,171.83367458212177,1374.0580382562348
69.0842861116417,83.35090746974237,21.24436971536777,29.512291573310268,competition,54,166,159.21721590691644,1394.0757536659876
80.47097381170038,137.85688577763682,19.141650709663548,43.98013925795848,rapide,20,200,144.98197138612136,1858.427304780069
72.97807347566106,74.56825734347625,25.710077061276163,31.952594043764105,competition,16,204,184.41635942530013,1407.7186349292376
72.82318796772779,114.96069604453457,18.550069120873932,35.54214763016491,cool,28,192,127.64585353732981,1251.810941869385
85.9877685198719,101.40756032986495,16.002680342623055,27.046546204734856,cool,36,184,96.53918333836351,731.1145575909967
83.2541634898803,129.55067480439723,25.66628616930639,55.41807821594018,rapide,41,179,129.6189737335421,1594.6232242799856
83.13509636000639,170.5244608987137,16.25389978494895,46.19479163883564,rapide,60,160,124.40047856386997,2120.0061966504495
88.05478807154329,139.88581458153755,28.876396981477114,67.32330523222964,rapide,36,184,179.2570997915012,2767.0542882083873
75.21003841632759,62.24105678861351,18.02333136873602,18.696519854024967,rythme,33,187,133.676973746477,756.4097075809083
81.81952971294965,34.6774702591927,15.0,8.669367564798176,competition,52,168,165.44143683428166,630.1803480677169
71.89733243406543,69.33960664497376,23.53101674929603,27.19385742254126,rapide,60,160,136.96894398669764,956.4357391196697
78.24166352488442,119.26168960503823,25.72297251648242,51.129419399660925,endurance,47,173,108.25503512563391,1089.8746712418988
73.69856945632316,37.71387202263755,27.457375318409703,17.258732313933844,endurance,51,169,116.40251422794813,390.11342645163694
75.96995964992718,104.45493708018545,25.860078495079268,45.02021453486936,cool,32,188,80.98704725165089,438.2677531703948
80.95157025436913,119.52642733753338,19.70343689441129,39.251356970992084,competition,50,170,154.15022363873132,1952.150184013857
66.81779316766527,80.13658362254412,28.56530590463302,38.152100422169624,rapide,64,156,128.75966210531143,1002.2770637860154
95.9238727568546,145.6368305618733,29.80069253239873,72.33464014945729,endurance,26,194,113.0738273367848,1411.6484551438718
64.93982618500299,45.98973797006577,18.971189357722306,14.541333792369151,competition,36,184,171.59410660745806,806.0631410001314
62.85811387212268,41.27066726037131,24.09496930670193,16.573591015095918,cool,41,179,106.09073175886132,321.58012889625553
86.58110873500068,139.2283134305405,23.627799864454904,54.82764542004017,rythme,19,201,152.07797404942662,2059.597993092533
82.91662693962935,104.32369743092977,26.10190791394017,45.38412572639809,competition,49,171,169.27606539216418,1946.5070299761817
81.24119817052156,133.26035946416042,23.975381041129456,53.2494649305188,competition,63,157,150.0702175892967,2179.821314507821
81.2834550926428,95.22410079056193,24.660611139635115,39.13807534529114,rythme,33,187,149.5295087744738,1412.350889284438
74.87753227153085,66.96030498586602,28.209077651208457,31.481474048248256,competition,55,165,156.43285201436393,1113.482971647666
66.02745628514168,152.86534765112995,19.430734501994333,49.50476641273615,cool,50,170,88.48265839144184,874.593931345174
75.75804558193727,149.91238184534689,28.68686567630412,71.67527268687131,cool,56,164,102.3406580554435,1283.6326746653074
68.22838288487888,134.20447062816402,30.705663657656252,68.6806222743702,rythme,44,176,125.75771746616262,1497.3628524918577
84.7511973341775,70.8217705844944,33.17067496744434,39.153432211286244,rapide,44,176,152.62583444349383,1132.7095353403167
73.52942618497862,118.53460003036307,15.0,29.633650007590767,endurance,53,167,114.97029298292435,1211.0022753092767
66.74502803207488,84.14608454100402,24.08549171442391,33.77833036689277,rapide,57,163,145.40816554143748,1234.9790038415513
71.78614158347007,43.73731099899512,15.174497128232055,11.061528335847395,competition,36,184,168.3667564603855,759.5277964442206
79.12931454275625,167.5970363193364,15.0,41.8992590798341,endurance,57,163,114.52339580750036,1777.8631984013034
69.36275447196024,50.522794637844214,25.72046523803739,21.657829720186236,rythme,28,192,134.6020296373702,594.8314761487587
66.77779604433569,172.53560307312037,23.00424103574819,66.15084333903728,rythme,64,156,123.32348851172995,2016.1640786062997
77.43687211491913,96.90086594369336,26.499254758853734,42.796678883257734,endurance,56,164,110.98842246260261,963.8057014917333
77.44966571108722,57.76993932579295,27.43063845043658,26.411105315824738,cool,32,188,111.09512822073104,508.7235484232069
69.9305682462887,111.28514210675372,31.2394797905396,57.94149913052101,endurance,24,196,115.59096549322953,972.7459033304222
70.28961694381677,160.94187538146124,25.2696021265289,67.78228593978203,competition,56,164,158.6926143342532,2703.8175915604133
77.32049937357637,139.83373296143418,39.61677808659544,92.32936612922306,cool,16,204,123.27305549936337,1379.4405916399514
60.51915658502676,150.98417217921747,26.532049274926063,66.76532493321531,rythme,17,203,154.21296719909168,2080.5853245868325
60.92536225623445,128.8175050066076,34.21239522283606,73.45258988176202,endurance,63,157,95.62385906510407,925.2217143556428
67.81555778747564,133.84148467767787,15.0,33.46037116941947,rapide,44,176,157.69377900608632,2135.214344784161
72.86552848288153,157.3793477347979,31.748697647753126,83.27648878721165,rapide,48,172,147.1797088016666,2329.3213729086
78.10907565598005,67.4502013288779,24.096197551022197,27.08822293461436,competition,25,195,175.45450105660797,1227.9020418152145
89.75356216949552,103.41374454647107,15.258263702863642,26.29856974651054,rapide,55,165,132.85643693588753,1425.1208441018152
83.5765962320202,63.18141627294033,27.102725546140597,28.539809747699387,endurance,36,184,114.75809031271184,621.8508053691187
73.40061470036572,178.15020119949705,23.485222310078413,69.7316179959231,endurance,43,177,128.37649184561099,2093.2210464608747
74.80983792097311,171.608900952992,27.90026624224071,79.79890043544654,rapide,26,194,177.80277593717028,3166.2033816439457
64.97470635362191,35.914021705275886,30.055382287755393,17.99016086404686,endurance,49,171,122.49558094053458,386.1429745990486
74.8148686400761,135.83627587735327,17.55424941619202,39.741731108628784,competition,23,197,188.52324924111164,2706.1648909519545
72.11341361079862,168.7872476123499,30.07459491227579,84.60346830499019,cool,37,183,109.00939234477968,1431.148535118756
78.22718560338089,57.08630176910003,25.032397421103582,23.816783219752672,competition,23,197,180.40799369466637,1076.6875970398644
66.72769056447677,115.19178458289441,31.764205873466363,60.98292600705078,competition,64,156,148.23183850047818,1778.4474982723368
80.19346514241172,167.3232446382063,23.974258855010657,66.85751299027719,endurance,30,190,127.79051066567116,1900.3663145832927
90.32738913002578,35.09189678786983,22.647955537342895,13.245995302878365,cool,32,188,93.29594886129428,236.30835570327767
73.91239851543142,134.61304008702598,25.135270203444758,56.392252258242316,endurance,38,182,120.21020001574102,1386.7363090647973
79.01711722098942,74.60235110588262,25.509303531899267,31.717566975888015,rythme,39,181,151.0140846315293,1136.7370796642747
81.90143991711112,168.65942930647955,21.686075992541323,60.95935334664944,endurance,60,160,108.47015827648502,1681.7944775794303
70.98779528114164,175.65873677480516,22.518476345223583,65.92611848158843,endurance,34,186,129.43317042197634,1995.5848883719777
77.24092481810416,171.63997336701507,18.865622327431055,53.96824856387386,endurance,20,200,105.47593076567739,1265.0391366190468
75.12592400781794,101.13213249861957,22.826774551049027,38.47533980688012,cool,47,173,108.62643054517281,914.8892436562646
75.97676098548831,159.30639764839702,28.381550299987893,75.3560422994642,endurance,59,161,103.15171510059504,1408.2471242704544
67.26990216144533,156.68240978026057,24.31322913046928,63.49092216169261,cool,16,204,104.35939959648559,1023.9742877119025
75.24510174258943,77.86507098648835,30.045326480236643,38.99135798659741,rapide,38,182,153.1107955485296,1193.3608807455582
79.97998291245449,154.3373211226016,24.072852661734633,61.9223265265202,rythme,52,168,113.52581387044046,1583.0256772709952
89.51143607795042,35.55114520732389,17.84241001138343,10.571968486055031,cool,23,197,118.67222930825862,358.6330785215979
84.59270826085206,119.44048177230796,27.986374437782914,55.7117674318166,rapide,28,192,159.9802010613716,1949.735669437448
96.53182457511556,64.50132559315546,21.631884294832986,23.25475353490814,cool,23,197,101.07448650154323,501.0356332046523
67.3265243711195,48.085032866591824,23.833163556182328,19.10030754856476,cool,38,182,98.57069890223588,323.40709362569464
83.72320636720679,41.542980244381376,31.187860237420583,21.593944361794843,rythme,58,162,130.55592680206675,552.1880984044798
76.83342005738352,134.44331638172096,19.19564770139243,43.01210895117262,competition,16,204,194.60452541278107,2769.2231682170886
96.89802933217672,80.98124456520992,25.823718937321924,34.85394831410849,competition,60,160,145.23346990623935,1314.1301990422087
66.91701714644849,138.71501572931422,24.79740824982104,57.32954792366919,cool,39,181,103.7580765091568,1045.4508292418698
66.60278157819224,39.803451119841355,28.504628577185514,18.909709837687277,endurance,50,170,102.6036703882577,313.57003370100426
69.00607354555977,77.29355067459154,29.275766827410113,37.71379944686583,rapide,39,181,134.3372856660579,946.6095511635228
53.76104275690193,110.92369385630059,26.31919502124446,48.65703885134652,endurance,32,188,136.2624677995415,1272.896742584803
69.74244978319238,148.60847472584453,23.198126767098,57.45730392258701,endurance,20,200,134.5722987482769,1694.3483824030102
67.40867338446301,77.81287543981048,27.366862520129803,35.491571074287975,cool,35,185,101.02599635981842,541.2076182733763
76.50393786476208,123.88370646555137,31.67827948572281,65.4070446190497,cool,36,184,98.02039246479038,865.0052027729544
78.4175597577716,162.89666223542807,24.863550301801496,67.50315592476889,cool,55,165,102.27590588104987,1405.952366823403
93.76170839215887,122.37947822734569,23.663719427884864,48.26589394171422,cool,46,174,122.55824980672614,1466.6562551971938
84.5042383818605,64.94392121304506,26.94085128833995,29.16074205803855,competition,61,159,153.19068307356227,1096.6930427498753
69.23096344337597,33.660117233480705,25.19363510184806,14.13367851776234,cool,51,169,84.24958693432946,177.84174856237237
66.01585328651642,160.5148310851395,18.311452880411004,48.987662767044384,competition,26,194,183.4010106801884,3029.9456743774062
79.91919171506505,33.19041162755807,26.196654001987408,14.491295493177974,competition,30,190,182.95426423093608,652.6063148614307
61.797667929793576,161.2052509026299,18.26618795618118,49.076756875179726,cool,34,186,80.44938674497566,570.2980385409863
93.31458765854353,109.34057010408179,26.872403232042227,48.970731490971126,rythme,22,198,151.81154209760336,1663.8724056937467
86.79440120721287,170.86015477693442,21.014286377967164,59.8417370511049,rapide,43,177,154.31236239601375,2784.5058350552677
70.30824347895295,149.8174853660498,25.18437402093173,62.88432643890108,endurance,58,162,116.04337180369649,1568.0255401350496
57.86865470909122,179.69011658000062,26.95296953099618,80.71970395336514,competition,20,200,197.33273981423832,3647.8559920329344
88.53872374165414,82.60677231775652,37.26951672971785,51.311908048077,rapide,20,200,171.11172160289536,1470.751654451425
73.85460154747382,145.07824333966903,28.713749808934622,69.42900636624987,rythme,45,175,144.50307293257814,2074.5385562308716
87.37816311973462,90.28963704138633,31.823994048711672,47.88961453109025,endurance,47,173,130.05861745968525,1161.1575461509835
59.05572341205633,101.98134304558633,34.35873909346962,58.39917263508206,endurance,23,197,128.32532183415793,1029.6343351750145
69.00624977046228,124.12581948275552,27.446279584997225,56.77986575401006,competition,25,195,187.69639440903634,2435.099901992893
75.05243699718183,161.05156712795082,26.428449001335995,70.93905214043815,cool,53,167,77.0930671015267,737.1897029418928
75.46980593764742,177.61252037989428,19.66639445586892,58.216631434867644,rythme,62,158,107.0373112267154,1695.543162033177
70.49934528520757,145.24101207967772,24.416850337998028,59.10546758148091,competition,47,173,159.99976113029058,2407.103146179274
81.22849932347499,92.66501732510007,21.384561351820686,33.02667913593549,rythme,63,157,114.26759630954113,1015.4582567765715
64.32379570617405,93.20355034156053,22.99470574937807,35.71980358169217,cool,43,177,87.6493112310681,482.54046549456274
73.57620514978707,140.63734523833372,34.35331688096234,80.52265477116298,cool,32,188,103.06164312741394,1042.2101301871025
76.20295631711899,65.81657186524535,25.57310754599995,28.052237843649234,competition,46,174,163.14043814473848,1136.621838397694
80.1443883405875,46.5711169697092,20.620502111419455,16.005330263417516,cool,23,197,118.89831802869521,450.66074316230925
82.11614878088889,83.19332364611648,31.87266727345652,44.19321873242755,rapide,55,165,136.3331174247594,1159.8917802903666
63.75357908162131,73.08584874811226,29.776377381187245,36.270530225802695,endurance,40,180,96.41953846606054,462.488060336388
59.65885829264378,74.44621806839851,30.038267463001983,37.270590165792086,competition,24,196,186.93941689450827,1415.3350425308302
87.7767682189851,65.0411626574865,15.0,16.260290664371624,rythme,17,203,152.1058900522249,959.8488062262816
78.32314011979592,36.31397844545428,34.74335478860743,21.02782394860435,rapide,30,190,153.3105261266573,548.9481983251325
67.51513463443446,32.68109021001207,22.207426289530563,12.0960483650057,competition,18,202,192.47569929399205,651.3459025285466
90.51151975522522,178.15835846040474,28.889773863963775,85.78257813160151,cool,64,156,77.41293621183459,1049.4230571885648
76.15674634292859,94.16597006037935,37.61899895308516,59.04049215196098,cool,51,169,95.73714760811725,691.6231139165867
86.79297184063826,87.64899707395224,35.77666374095309,52.26314492577618,cool,19,201,137.010890591145,1098.3360696137202
75.67518481410109,131.94709240396048,20.112189372636564,44.22908182662048,cool,29,191,87.80646773374039,668.3677547235308
95.60747924881987,62.73808317975963,17.777413314988635,18.58868058794539,rythme,56,164,118.76681488652488,751.7631360837275
92.55340842443205,172.4941775925338,32.15173299423964,92.43311235026833,rapide,56,164,133.85265800411707,2434.277062988757
72.51035851520926,147.9517521623328,25.71027905797,63.398013920153204,endurance,40,180,113.1006610486121,1369.9457527362679
84.71570950954356,43.411650346838925,22.4955927934896,16.276180144930667,rythme,25,195,156.19426465107048,677.8405961131054
81.45375949585147,92.63711636773925,28.10609273469524,43.39445638844056,rythme,36,184,142.99400434573502,1296.8360416309802
88.68631557532349,161.8677461343247,24.185602112702796,65.24781504807939,endurance,51,169,117.02207694702429,1804.7583584044323
65.35076539419896,171.70980334371154,28.506620685243718,81.58110386428297,endurance,27,193,125.74428162087223,1751.275812405643
81.8605145999844,100.11022668748046,25.334909039093663,42.271391450172736,cool,42,178,86.13331605249077,574.0038874136352
85.58424486849587,122.01170838160616,28.611939641640834,58.18319392979998,rythme,55,165,114.55384576960518,1320.513390870364
57.41260513576886,55.05509191381128,20.527336554318058,18.835573345728648,competition,17,203,197.39472161847155,1109.0226629057797
63.16741487334225,178.6752939205465,32.12231006566317,95.65771987315493,endurance,28,192,126.43998622476767,1831.1386061605983
54.607678222398995,64.7507552075165,28.48811685366219,30.743784678576766,endurance,47,173,123.35079406258197,666.4038529426023
72.30593165555442,171.40976612026884,28.231486847017862,80.65254262791296,rapide,46,174,150.45138029824713,2600.4588335894687
82.17542255795962,127.44699734885526,19.41165036494003,41.232609209956955,competition,31,189,172.84230498780684,2331.4053526867133
90.02357052096028,121.16051923182887,33.49816208322123,67.64424518858411,competition,47,173,161.6413295843894,2150.402320512095
75.74094780419775,106.9032766524763,24.93141950316866,44.42084060810304,endurance,47,173,117.33564239475736,1110.612550957837
91.28615545571292,64.6004717576638,28.640244312149207,30.83622156365977,cool,49,171,100.12334284284026,557.4091958025579
61.198985417851084,56.47920480082624,23.385877681266958,22.013596250122465,rapide,26,194,173.19455373190047,966.2763415585744
57.96617560644845,63.072931360526304,26.304445323410487,27.65164123933645,competition,25,195,179.11613393774962,1122.6747310644967
74.44452301103381,57.965739321638175,26.48563676059702,25.58765860387274,endurance,30,190,112.09021342226923,505.27985211841354
78.84065448939307,146.93767103501298,15.0,36.734417758753246,competition,32,188,177.52951378862454,2775.6045758366868
74.67305251905907,82.51878887500952,27.912240623274155,38.38807151700706,rapide,55,165,152.130606511401,1317.8708635360003
54.325578999601234,38.676401484509455,34.82670730861042,22.449528570855275,rapide,33,187,152.46233120044502,541.207185679668
74.10879960487212,175.3653945211217,27.698901294959786,80.95714588987052,rythme,24,196,151.45872452788953,2516.1429599872895
61.95530499495147,162.56788274451387,20.21145875555131,54.76223428446738,endurance,40,180,121.0955502504507,1619.733959551205
81.69672548830039,169.16284247928195,28.249807830769434,79.64696320244059,rapide,55,165,146.52637518478255,2615.1265135188505
78.66598246096848,179.23617339696528,30.297402650866694,90.50650858347365,rythme,29,191,159.1454044252054,2861.4400924384668
65.60120213672644,56.084287382923094,27.562332580951935,25.763563023563545,rythme,40,180,149.05715782289496,804.9754692985209
69.86133082663306,89.43630283539882,24.62936446784978,36.712654986500404,competition,37,183,170.5856139722211,1579.1769792216526
64.40786478111049,143.7357713556137,23.789253870880348,56.989445918425105,competition,45,175,155.23604893312947,2223.4490177897387
74.37320902726829,134.40309270806884,23.768451223165965,53.24255588790645,rythme,35,185,132.47360364787613,1616.6144849500631
84.55142320501238,53.08438595097826,28.488884505056063,25.20524900632067,competition,36,184,175.21771106314074,1008.8821636637256
65.14273953664457,152.37496874859266,17.96438002470186,45.622030747529806,rapide,59,161,133.93875551463046,1975.9121180790028
80.04046515517844,63.6660857754991,23.140634195722967,24.5545600267391,cool,47,173,112.17232585632837,624.8614025885813
69.69742381627559,63.57264222339346,32.978049115054745,34.94169529361454,rapide,61,159,135.29930341931578,857.3034937505222
67.07127167737656,110.54616343401203,33.17097633288588,61.115402849349124,rythme,64,156,122.09895266599831,1272.916298123569
73.92969640045442,118.94099022625548,17.60926456099169,34.90772273400766,rythme,36,184,139.99837164875558,1568.8184797165782
64.64757677580626,117.01293117567168,19.342931943681954,37.7228860710293,rapide,50,170,141.553617940328,1598.1946029830299
69.46350694652818,43.72302560966323,23.646897102360317,17.231898126592856,competition,47,173,154.36022739137374,685.2958582194802
63.021221074111516,161.61912939455706,29.46294758557176,79.36293230295958,competition,45,175,165.8372573976572,2747.7934489006243
94.6472513291639,69.84000638830591,15.862628229735048,18.464100948333623,rythme,54,166,151.51357253317926,1171.8012408955146
75.35263551971728,49.427238192420624,24.72595682541261,20.368929292419626,endurance,64,156,91.6932244812649,361.9772515017864
68.00274492007415,163.31221198034658,22.629104217101776,61.59348441381133,competition,27,193,172.84188507307323,2846.015492466694
77.13979910734221,173.34772473446301,31.629823371426166,91.3826319198278,rapide,56,164,155.27839228106507,2879.4130041424555
73.8767195030917,159.3191425898176,16.615457630153728,44.11934105622558,competition,62,158,153.61747327718064,2627.869329485878
72.79030400466777,151.4274112087317,25.462703077468113,64.2625201566267,rapide,33,187,160.70237588289413,2439.9589023955887
81.14166700043425,128.28629709585326,23.031952813257032,49.244732354986084,rythme,36,184,150.53659953377695,1939.8949791315165
82.57507710047305,112.6286055913709,32.34899463138644,60.72370262692997,competition,28,192,177.61054880857287,2127.16028254502
69.69498852389472,43.048013986711524,27.988263231766247,20.08065245108062,rapide,36,184,155.4193281995852,659.2366882085521
69.2418175935532,91.2679819606048,22.070921703711328,33.572808065137444,rythme,23,197,157.1582680514731,1362.4456567773775
72.24948302848355,85.9032775518471,29.26693221664541,41.90209002162644,endurance,61,159,120.12731722417215,972.3315129513713
51.980788352644154,68.96306756404893,23.055855733457133,26.500042278222814,rapide,55,165,130.60950940408298,803.227224139229
59.84808937801448,138.51301705328774,29.996648556198767,69.24877155010398,endurance,61,159,113.53183894555515,1348.4439968290544
88.66874267444524,104.38136026181562,23.814615045572108,41.430031876138614,endurance,22,198,132.48020670232575,1261.098683303157
91.44967713501283,42.15693238614719,30.27333289384382,21.270514131818324,cool,38,182,101.58385571360769,351.0103712406528
72.50963960443622,63.0274802924717,27.18040977563625,28.551879024586984,competition,59,161,152.91266785650961,1019.6912122352535
80.76556963055766,132.4888145489394,40.0,88.32587636595959,rapide,47,173,135.0728067309917,1762.3998086067738
78.11250154543536,41.41962892354503,24.735519972919978,17.0756009751547,endurance,26,194,135.44196328266642,506.12727385407385
100.0,157.6810371073153,26.914311458107242,70.73127572906081,cool,37,183,93.49223846401411,1176.964321487243
86.19574911434577,104.27197905209614,22.602876291420344,39.28077738626838,rythme,37,183,127.37083007210353,1242.5903240740124
73.72082408519233,102.0879865989972,25.013426703773895,42.559506168831135,rapide,58,162,144.87221756709275,1528.8135167399505
65.44459559399574,118.86116769892764,15.0,29.71529192473191,endurance,40,180,124.1022062263201,1257.8593158166152
58.93553679742428,153.70214488877238,27.32792008270516,70.00599886767901,competition,37,183,174.28371045902472,2719.8365122128353
77.03463635867223,82.17138118532895,31.71437106474706,43.43356123023829,cool,43,177,106.90396104418305,713.6261334444664
67.43649254715697,131.70242288385953,26.98315002299677,59.22910391778908,endurance,44,176,126.94824191701622,1488.1341490645243
60.77746290402326,114.85979459936866,18.430692710113114,35.282426316794556,competition,28,192,189.9353706882751,2263.799939816613
68.53427115757474,70.05424052541319,20.991064236454996,24.508551048416955,endurance,33,187,116.61059159869149,648.8629256444889
64.18451996385605,161.7944979532737,15.0,40.44862448831842,rapide,17,203,182.84316505248907,2956.215771827791
91.87141635072565,149.61390324103922,29.89462003432712,74.54417982072417,rapide,44,176,151.4624406020761,2417.265468171654
83.81639756949451,128.76777519876381,19.9674335364521,42.85269988196869,rapide,36,184,172.27835148724185,2385.6942292972544
74.92027358683383,157.5872593641363,24.85645704893886,65.28434906407736,cool,30,190,103.32458080546186,1168.937711270519
89.79944138890026,160.09413014397035,24.2313121383639,64.65484731730665,rapide,42,178,148.12740242742186,2474.8856356457677
75.77368307647619,136.2544465072552,32.438635178291335,73.6651380278144,competition,46,174,162.09598030288018,2328.813264034286
66.38715798671737,155.5519992545508,25.426406589828694,65.91880631511565,endurance,30,190,125.29823499523778,1606.1756448416827
90.23124077269657,134.62071925039254,29.04446460053005,65.16644524609868,rythme,38,182,140.74720175508816,1908.0839668759013
80.38910043684659,132.02111576404505,27.73231882073831,61.0208612239683,competition,39,181,174.58877519629507,2489.5576287109307
64.62753845673544,122.79170673227765,31.797057099806995,65.07358183914978,competition,59,161,154.63650336970625,1972.518599500263
73.09661321916391,142.90749593364617,23.804381527485205,56.697075939034235,rapide,28,192,169.64195532172613,2462.9484033441327
66.24381746615242,53.79076579396106,34.348076652522586,30.793489111481072,cool,37,183,98.61374220138326,356.7711221669246
61.172002690356635,162.13061387983927,15.071689218003424,40.72637041868416,endurance,58,162,98.23262594370586,1191.088751259506
